{"configData":{"level":{"1":[1,5,6,7,8,2,2,100,1,100,10,1000],"2":[2,5,6,7,8,4,3,150,2,200,20,200],"3":[3,5,6,7,8,8,4,250,3,400,30,300],"4":[4,5,6,7,8,12,5,300,4,800,40,400],"5":[5,5,6,7,9,16,6,400,5,1600,50,500],"6":[6,5,6,8,9,20,7,500,6,3200,60,600],"7":[7,5,7,8,9,26,8,650,7,6400,70,700],"8":[8,5,7,8,9,32,9,800,8,12800,80,800],"9":[9,5,7,8,10,38,10,950,9,25600,90,900],"10":[10,5,7,8,10,46,11,1073.5,10,51200,100,1000],"11":[11,6,7,9,10,54,12,1213.055,11,102400,110,1100],"12":[12,6,7,9,10,58.32,13,1370.75215,12,204800,120,1232],"13":[13,6,8,9,11,62.9856,14,1548.9499295,13,409600,130,1379.84],"14":[14,6,8,9,11,68.024448,15,1750.313420335,14,819200,140,1545.4208],"15":[15,6,8,9,11,73.46640384,16,1977.85416497855,15,1638400,150,1730.871296],"16":[16,6,8,10,11,79.3437161472,17,2234.97520642576,16,3276800,160,1938.57585152],"17":[17,6,8,10,12,85.691213438976,18.36,2525.52198326111,17,6553600,170,2171.2049537024],"18":[18,6,8,10,12,92.5465105140941,19.8288,2853.83984108505,18,13107200,180,2431.74954814669],"19":[19,6,9,10,12,99.9502313552217,21.415104,3224.83902042611,19,26214400,190,2723.55949392429],"20":[20,6,9,10,12,107.946249863639,23.12831232,3644.0680930815,20,52428800,200,3050.38663319521],"21":[21,7,9,11,13,116.581949852731,24.9785773056,4117.7969451821,21,104857600,216,3416.43302917863],"22":[22,7,9,11,13,125.908505840949,26.976863490048,4653.11054805577,22,209715200,233.28,3826.40499268007],"23":[23,7,9,11,13,135.981186308225,29.1350125692519,5258.01491930302,23,419430400,251.9424,4285.57359180168],"24":[24,7,9,11,13,146.859681212883,31.465813574792,5941.55685881241,24,838860800,272.097792,4799.84242281788],"25":[25,7,10,11,14,158.608455709914,33.9830786607754,6713.95925045803,null,null,293.86561536,5375.82351355603],"26":[26,7,10,12,14,171.297132166707,36.7017249536374,7586.77395301757,null,null,317.3748645888,6020.92233518275],"27":[27,7,10,12,14,185.000902740043,39.6378629499284,8573.05456690985,null,null,342.764853755904,6743.43301540468],"28":[28,7,10,12,14,199.800974959247,42.8088919859227,9687.55166060813,null,null,370.186042056376,7552.64497725324],"29":[29,7,10,12,15,215.785052955986,46.2336033447965,10946.9333764872,null,null,399.800925420887,8458.96237452363],"30":[30,7,10,12,15,233.047857192465,49.9322916123802,12370.0347154305,null,null,431.784999454558,9474.03785946647],"31":[31,8,11,13,15,251.691685767863,53.9268749413706,13978.1392284365,null,null,466.327799410922,10610.9224026024],"32":[32,8,11,13,15,271.827020629292,58.2410249366803,15795.2973281332,null,null,503.634023363796,11884.2330909147],"33":[33,8,11,13,16,293.573182279635,62.9003069316147,17848.6859807905,null,null,543.9247452329,13310.3410618245],"34":[34,8,11,13,16,317.059036862006,67.9323314861439,20169.0151582933,null,null,587.438724851532,14907.5819892435],"35":[35,8,11,13,16,342.423759810966,73.3669180050354,22790.9871288714,null,null,634.433822839654,16696.4918279527],"36":[36,8,11,14,16,369.817660595844,79.2362714454382,25753.8154556247,null,null,685.188528666827,18700.070847307],"37":[37,8,12,14,17,399.403073443511,85.5751731610733,29101.8114648559,null,null,740.003610960173,20944.0793489838],"38":[38,8,12,14,17,431.355319318992,92.4211870139592,32885.0469552872,null,null,799.203899836987,23457.3688708619],"39":[39,8,12,14,17,465.863744864512,99.8148819750759,37160.1030594745,null,null,863.140211823946,26272.2531353653],"40":[40,8,12,14,17,503.132844453672,107.800072533082,41990.9164572062,null,null,932.191428769862,29424.9235116092],"41":[41,9,12,15,18,543.383472009966,116.424078335729,47449.735596643,null,null,1006.76674307145,32955.9143330023],"42":[42,9,12,15,18,586.854149770764,125.738004602587,53618.2012242066,null,null,1087.30808251717,36910.6240529626],"43":[43,9,13,15,18,633.802481752425,135.797044970794,60588.5673833535,null,null,1174.29272911854,41339.8989393181],"44":[44,9,13,15,18,684.506680292619,146.660808568457,68465.0811431894,null,null,1268.23614744802,46300.6868120362],"45":[45,9,13,15,19,739.267214716028,158.393673253934,77365.541691804,null,null,1369.69503924387,51856.7692294806],"46":[46,9,13,16,19,798.408591893311,171.065167114249,87423.0621117385,null,null,1479.27064238337,58079.5815370183],"47":[47,9,13,16,19,862.281279244776,184.750380483388,98788.0601862645,null,null,1597.61229377404,65049.1313214605],"48":[48,9,13,16,19,931.263781584358,199.53041092206,111630.508010479,null,null,1725.42127727597,72855.0270800357],"49":[49,9,14,16,20,1005.76488411111,215.492843795824,126142.474051841,null,null,1863.45497945805,81597.63032964],"50":[50,9,14,16,20,1086.22607484,232.73227129949,142540.995678581,null,null,2012.53137781469,91389.3459691968],"51":[51,10,14,17,20,1173.12416082719,251.35085300345,161071.325116796,null,null,2173.53388803987,102356.0674855],"52":[52,10,14,17,20,1266.97409369337,271.458921243726,182010.597381979,null,null,2347.41659908305,114638.795583761],"53":[53,10,14,17,21,1368.33202118884,293.175634943224,205671.975041637,null,null,2535.2099270097,128395.451053812],"54":[54,10,14,17,21,1477.79858288395,316.629685738682,232409.331797049,null,null,2738.02672117048,143802.905180269],"55":[55,10,15,17,21,1596.02246951466,341.960060597776,262622.544930666,null,null,2957.06885886411,161059.253801902],"56":[56,10,15,18,21,1723.70426707584,369.316865445598,296763.475771652,null,null,3193.63436757324,180386.36425813],"57":[57,10,15,18,22,1861.6006084419,398.862214681246,335342.727621967,null,null,3449.1251169791,202032.727969105],"58":[58,10,15,18,22,2010.52865711726,430.771191855746,378937.282212823,null,null,3725.05512633743,226276.655325398],"59":[59,10,15,18,22,2171.37094968664,465.232887204206,428199.12890049,null,null,4023.05953644443,253429.853964446],"60":[60,10,15,18,22,2345.08062566157,502.451518180542,483865.015657554,null,null,4344.90429935998,283841.436440179],"61":[61,11,16,19,23,2532.68707571449,542.647639634985,546767.467693035,null,null,4692.49664330878,317902.408813001],"62":[62,11,16,19,23,2735.30204177165,586.059450805784,617847.23849313,null,null,5067.89637477348,356050.697870561],"63":[63,11,16,19,23,2954.12620511339,632.944206870247,698167.379497237,null,null,5473.32808475536,398776.781615028],"64":[64,11,16,19,23,3190.45630152246,683.579743419867,788929.138831877,null,null,5911.19433153579,446629.995408832],"65":[65,11,16,19,24,3445.69280564425,738.266122893456,891489.926880021,null,null,6384.08987805865,500225.594857892],"66":[66,11,16,20,24,3721.34823009579,797.327412724933,1007383.61737442,null,null,6894.81706830335,560252.666240839],"67":[67,11,17,20,24,4019.05608850346,861.113605742928,1138343.4876331,null,null,7446.40243376762,627482.98618974],"68":[68,11,17,20,24,4340.58057558374,930.002694202362,1286328.1410254,null,null,8042.11462846903,702780.944532508],"69":[69,11,17,20,25,4687.82702163043,1004.40290973855,1453550.7993587,null,null,8685.48379874655,787114.657876409],"70":[70,11,17,20,25,5062.85318336087,1084.75514251763,1642512.40327534,null,null,9380.32250264627,881568.416821579],"71":[71,12,17,21,25,5467.88143802974,1171.53555391905,1856039.01570113,null,null,10130.748302858,987356.626840168],"72":[72,12,17,21,25,5905.31195307212,1265.25839823257,2097324.08774228,null,null,10941.2081670866,1105839.42206099],"73":[73,12,18,21,26,6377.73690931789,1366.47907009117,2369976.21914877,null,null,11816.5048204535,1238540.15270831],"74":[74,12,18,21,26,6887.95586206332,1475.79739569847,2678073.12763811,null,null,12761.8252060898,1387164.9710333],"75":[75,12,18,21,26,7438.99233102839,1593.86118735435,3026222.63423106,null,null,13782.771222577,1553624.7675573],"76":[76,12,18,22,26,8034.11171751066,1721.37008234269,3419631.5766811,null,null,14885.3929203832,1740059.73966418],"77":[77,12,18,22,27,8676.84065491152,1859.07968893011,3864183.68164965,null,null,16076.2243540138,1948866.90842388],"78":[78,12,18,22,27,9370.98790730444,2007.80606404452,4366527.5602641,null,null,17362.3223023349,2182730.93743474],